Dienstart;Thema;Abteilung;Anzeigepriorität
Aus- und Fortbildung;FwDV 100-Führung und Leitung im Einsatz;Einsatzabteilung FF;1
Aus- und Fortbildung;FwDV 10-Die tragbaren Leitern;Einsatzabteilung FF;1
Aus- und Fortbildung;FwDV 1-Grundtätigkeiten-Lösch- und Hilfeleistungseinsatz;Einsatzabteilung FF;1
Aus- und Fortbildung;FwDV 2-Ausbildung der Freiwilligen Feuerwehren;Einsatzabteilung FF;1
Aus- und Fortbildung;FwDV 3-Einheiten im Lösch- und Hilfeleistungseinsatz;Einsatzabteilung FF;1
Aus- und Fortbildung;FwDV 500-Einheiten im ABC-Einsatz;Einsatzabteilung FF;1
Aus- und Fortbildung;FwDV 7-Atemschutz;Einsatzabteilung FF;1
Aus- und Fortbildung;Alarmübung;Einsatzabteilung FF;10
Aus- und Fortbildung;Ausbildung in Erste Hilfe;Einsatzabteilung FF;10
Aus- und Fortbildung;Ausleuchten von Einsatzstellen;Einsatzabteilung FF;10
Aus- und Fortbildung;Baukunde;Einsatzabteilung FF;10
Aus- und Fortbildung;Brennen und Löschen;Einsatzabteilung FF;10
Aus- und Fortbildung;Dienstsport;Einsatzabteilung FF;10
Aus- und Fortbildung;Druckbelüftung;Einsatzabteilung FF;10
Aus- und Fortbildung;EDV-Schulung;Einsatzabteilung FF;10
Aus- und Fortbildung;Einsatztaktik und Einsatzlehre;Einsatzabteilung FF;10
Aus- und Fortbildung;Einsatz von Kleinlöschgeräten;Einsatzabteilung FF;10
Aus- und Fortbildung;Eis- und Wasserrettung;Einsatzabteilung FF;10
Aus- und Fortbildung;Fahrerschulung;Einsatzabteilung FF;10
Aus- und Fortbildung;Fahrzeug- und Gerätekunde;Einsatzabteilung FF;10
Aus- und Fortbildung;Gefahren der Einsatzstelle;Einsatzabteilung FF;10
Aus- und Fortbildung;Gefahren im Zivilschutz;Einsatzabteilung FF;10
Aus- und Fortbildung;Grundlagen Katastrophenschutz;Einsatzabteilung FF;10
Aus- und Fortbildung;Grundtätigkeiten Löscheinsatz;Einsatzabteilung FF;10
Aus- und Fortbildung;Hydraulische Rettungsgeräte;Einsatzabteilung FF;10
Aus- und Fortbildung;Hygiene an Einsatzstellen;Einsatzabteilung FF;10
Aus- und Fortbildung;Kaminbrände;Einsatzabteilung FF;10
Aus- und Fortbildung;Kartenkunde;Einsatzabteilung FF;10
Aus- und Fortbildung;Knoten und Stiche;Einsatzabteilung FF;10
Aus- und Fortbildung;Leistungsnachweis TM2;Einsatzabteilung FF;10
Aus- und Fortbildung;Leistungsübung;Einsatzabteilung FF;10
Aus- und Fortbildung;Maschinelle Zugeinrichtung und Mehrzweckzug;Einsatzabteilung FF;10
Aus- und Fortbildung;Maschinistenschulung;Einsatzabteilung FF;10
Aus- und Fortbildung;Mehr Feuerwehr in die Schule;Einsatzabteilung FF;10
Aus- und Fortbildung;Motorkettensäge, Trenn- und Schneidgeräte;Einsatzabteilung FF;10
Aus- und Fortbildung;Notfalltraining für Atemschutzgeräteträger;Einsatzabteilung FF;10
Aus- und Fortbildung;Orts- und Objektkunde;Einsatzabteilung FF;10
Aus- und Fortbildung;Persönliche Schutzausrüstung;Einsatzabteilung FF;10
Aus- und Fortbildung;Physikalische Grundlagen;Einsatzabteilung FF;10
Aus- und Fortbildung;Physische und Psychische Belastungen;Einsatzabteilung FF;10
Aus- und Fortbildung;Physische und Psychische Belastungen im Einsatz;Einsatzabteilung FF;10
Aus- und Fortbildung;Rechtsgrundlagen;Einsatzabteilung FF;10
Aus- und Fortbildung;Retten und Selbstretten;Einsatzabteilung FF;10
Aus- und Fortbildung;Sichern in absturzgefährdeten Bereichen;Einsatzabteilung FF;10
Aus- und Fortbildung;Sichern von Einsatzstellen gegen fließenden Verkehr;Einsatzabteilung FF;10
Aus- und Fortbildung;Sonstige Grundtätigkeiten;Einsatzabteilung FF;10
Aus- und Fortbildung;Sprechfunkausbildung;Einsatzabteilung FF;10
Aus- und Fortbildung;TH-Hoch- und Tiefbauunfälle;Einsatzabteilung FF;10
Aus- und Fortbildung;TH-Verkehrsunfall;Einsatzabteilung FF;10
Aus- und Fortbildung;Tierrettung;Einsatzabteilung FF;10
Aus- und Fortbildung;Transportieren von Verletzten;Einsatzabteilung FF;10
Aus- und Fortbildung;Türöffnung;Einsatzabteilung FF;10
Aus- und Fortbildung;UVV-Unterweisung;Einsatzabteilung FF;10
Aus- und Fortbildung;Vorbeugender Brandschutz;Einsatzabteilung FF;10
Aus- und Fortbildung;Waldbrandbekämpfung;Einsatzabteilung FF;10
Aus- und Fortbildung;Wasserentnahme/Pumpenausbildung;Einsatzabteilung FF;10
Aus- und Fortbildung;Wasserförderung;Einsatzabteilung FF;10
Aus- und Fortbildung;Wasserförderung über lange Wegstrecken;Einsatzabteilung FF;10
Sitzungen/Tagungen;Besprechung ZF;Einsatzabteilung FF;10
Sitzungen/Tagungen;Dienstbesprechung;Einsatzabteilung FF;10
Sitzungen/Tagungen;Dienstbesprechung Kreisausbilder Atemschutz/CSA;Einsatzabteilung FF;10
Sitzungen/Tagungen;Dienstbesprechung Kreisausbilder Maschinisten;Einsatzabteilung FF;10
Sitzungen/Tagungen;Dienstbesprechung Kreisausbilder Sprechfunker;Einsatzabteilung FF;10
Sitzungen/Tagungen;Dienstbesprechung Kreisausbilder Truppmann/Truppführer;Einsatzabteilung FF;10
Sitzungen/Tagungen;Feuerwehrausschuss;Einsatzabteilung FF;10
Sitzungen/Tagungen;Vorstandssitzung;Feuerwehrverein;10
Sitzungen/Tagungen;Wehrführerausschuss-Sitzung;Einsatzabteilung FF;10
Sonstiges;Geräteprüfung;Einsatzabteilung FF;10
Sonstiges;Reinigungsdienst;Einsatzabteilung FF;10
Sonstiges;Sonstige Tätigkeiten;Einsatzabteilung FF;10
Technischer Dienst;Interkommunale Zusammenarbeit;Einsatzabteilung FF;10
Veranstaltung;Ehrung;Feuerwehrverein;10
Veranstaltungen;Jugendfeuerwehrzeltlager;Einsatzabteilung FF;10
Veranstaltungen;Kameradschaftspflege;Einsatzabteilung FF;10
Veranstaltungen;Kreisfeuerwehrtag;Feuerwehrverein;10
Veranstaltungen;Vorbereiten von Veranstaltungen;Einsatzabteilung FF;10
Veranstaltungen;Weihnachtsfeier;Feuerwehrverein;10
Versammlungen;Jahreshauptversammlung;Feuerwehrverein;10
Versammlungen;Jahreshauptversammlung der EA;Einsatzabteilung FF;10
Versammlungen;Kreisverbandstag DLRG;Einsatzabteilung FF;10
